node_id,x,y,name
7645356108,112.7933066,-7.2866234,
4538966174,112.793687,-7.2864072,
4538966176,112.7936625,-7.2864318,
4538966186,112.7957538,-7.2876587,
4538966188,112.7955329,-7.2877366,
9911091375,112.8015916,-7.2874093,
7680204977,112.797838,-7.2810509,
7680204978,112.7977465,-7.2810457,
2320318698,112.790377,-7.2796035,
2320318700,112.7902953,-7.2797719,
7883112772,112.7865149,-7.2776377,
9157771620,112.7864955,-7.2771854,
9909100909,112.8016007,-7.2852015,
9909100910,112.8012181,-7.2851414,
4472152447,112.8003458,-7.2769644,
6856819076,112.7924154,-7.2896747,
6856819077,112.7923081,-7.2896385,
1722835405,112.8014467,-7.2762169,
1722835409,112.8017517,-7.2769409,
1722835414,112.8025022,-7.2798242,
1722835418,112.8012915,-7.279939,
6865625565,112.792169,-7.2903046,
6849331681,112.7935451,-7.2863355,
1722835441,112.8021126,-7.2840144,
1722835470,112.801161,-7.2866816,
9190187540,112.7977327,-7.2825349,
1722835483,112.8000614,-7.2874874,
1722835486,112.8007923,-7.2875789,
1722835487,112.7979231,-7.2876156,
1722835489,112.8014802,-7.2877365,
1722835498,112.8006622,-7.2879374,
1722835502,112.7977969,-7.2881901,
1722835509,112.8005449,-7.2883064,
1722835515,112.8012164,-7.2885171,
1722835516,112.7977183,-7.2885236,
1722835519,112.8004704,-7.2885773,
4538966598,112.7973168,-7.2885787,
1722835527,112.8016704,-7.2886717,
1722835529,112.7985151,-7.2888039,
1722835528,112.8004295,-7.2886996,
1722835535,112.8003134,-7.2890992,
1722835536,112.8016184,-7.2890648,
1722835547,112.800146,-7.2894911,
1722835548,112.8016287,-7.2895411,
1722835557,112.8011522,-7.2897997,
1722835558,112.8015843,-7.2899367,
1722835563,112.7971402,-7.2900484,
1722835564,112.7992,-7.2901552,
1722835574,112.8008607,-7.2905636,
1722835600,112.7965946,-7.2922895,
2320319143,112.7899094,-7.2807724,
3125256886,112.7992391,-7.2901689,
3125265144,112.8012774,-7.289412,
5561000745,112.7957994,-7.2772452,
5561000746,112.7956425,-7.2773783,
5561000747,112.7954223,-7.2777059,
5561000751,112.7979406,-7.2787833,
5561000753,112.7962913,-7.2749727,
1362477888,112.7977153,-7.2744495,
7676453722,112.7972484,-7.2872337,
7676453723,112.7972261,-7.2871043,
7676453724,112.7959767,-7.2891339,
7676453725,112.7957021,-7.2891689,
7676453726,112.795734,-7.2893535,
7676453727,112.796005,-7.289309,
6618556525,112.8012914,-7.2862461,
6402007946,112.7919337,-7.277292,
6402007948,112.7918034,-7.2773645,
6402007963,112.7958437,-7.2850766,
6402007964,112.7978741,-7.2836559,
6402007968,112.79147,-7.2783189,
6402007970,112.7913752,-7.2773022,
6402007971,112.7932325,-7.2868406,
6402007973,112.7934163,-7.2863742,
6618556537,112.7997119,-7.2876228,
6402007980,112.7920066,-7.2795552,
6402007982,112.7920067,-7.2799497,
6402007993,112.793104,-7.2832221,
6402007994,112.7930724,-7.2833248,
6402007998,112.7926867,-7.2820502,
6402008001,112.7928826,-7.2818573,
6402008009,112.7927926,-7.2827965,
6402008005,112.792514,-7.2816237,
6402008017,112.7934728,-7.2845314,
6402008018,112.7937527,-7.2840524,
6402008016,112.7938574,-7.2841705,
6402008023,112.7934674,-7.2851638,
6402008024,112.7933801,-7.2851892,
6402008025,112.7935101,-7.2847308,
6402008026,112.7939689,-7.2842912,
6402008028,112.7940103,-7.2845459,
6402008029,112.7936818,-7.2839805,
6402008030,112.791705,-7.2854811,
6402008033,112.7917345,-7.2847068,
6402008034,112.7920148,-7.2844477,
6402008036,112.7929047,-7.2844581,
6402008038,112.793137,-7.2845868,
6618556551,112.8013538,-7.2881206,
6402008042,112.7960636,-7.2807812,
6402008041,112.7961306,-7.2810366,
6402008045,112.798261,-7.2799118,
6402008051,112.798145,-7.2799105,
6402008058,112.7983495,-7.2799145,
6402008061,112.7994583,-7.2798258,
6402008062,112.7984903,-7.2801633,
6402008063,112.7984856,-7.2799198,
6402008065,112.7986533,-7.2796431,
6402008070,112.7999991,-7.2803893,
6402008074,112.799415,-7.2807518,
6402008075,112.8000393,-7.2801803,
6402008076,112.8001084,-7.2799539,
6402008077,112.7991589,-7.2795254,
6402008078,112.7983595,-7.2772678,
6866076689,112.7959151,-7.2887024,
6402008082,112.7997999,-7.2762781,
6402008081,112.7982278,-7.277929,
6402008090,112.7964859,-7.277041,
6402008091,112.7968816,-7.2769193,
6402008092,112.7969849,-7.2765096,
6402008093,112.7962856,-7.2766733,
6402008094,112.7962379,-7.2764324,
6402008101,112.7927285,-7.2763516,
6402008102,112.7920658,-7.2763406,
6402008103,112.7920695,-7.2764933,
6402008104,112.7927213,-7.2766572,
6402008105,112.7920734,-7.2766506,
6402008106,112.7920745,-7.2767969,
6402008107,112.7927179,-7.2768061,
6402008108,112.7927141,-7.2769699,
6402008109,112.792074,-7.2769592,
6402008113,112.7912422,-7.2772386,
6402008114,112.7920598,-7.275889,
6402008115,112.7920935,-7.2759978,
6402008116,112.7919784,-7.2760227,
6402008117,112.7927983,-7.2774554,
6402008132,112.7957868,-7.277129,
6402008135,112.7953166,-7.2764311,
6402008145,112.79501,-7.2758485,
6402008150,112.7982416,-7.2775565,
6402008154,112.7980861,-7.2794689,
6402008155,112.7984615,-7.279254,
6402008157,112.7979287,-7.2794685,
6402008159,112.7976592,-7.2799883,
6402008162,112.7976576,-7.2800674,
6402008163,112.797657,-7.2801707,
6402008167,112.7959325,-7.2813615,
6402008168,112.7956999,-7.281139,
6402008175,112.8002934,-7.2844302,
6402008176,112.8005809,-7.2835745,
6402008180,112.7936461,-7.2882369,
6402008183,112.7935222,-7.2887114,
6402008184,112.7930729,-7.2887375,
9676170362,112.794658,-7.2846563,
9676170365,112.7988081,-7.2819034,
6402008195,112.7964659,-7.2894825,
9676170373,112.7982679,-7.2818976,
6402008201,112.7960671,-7.2896928,
6402008202,112.7968907,-7.2889911,
9676170378,112.7995569,-7.2819365,
6402008204,112.7974959,-7.2879633,
6402008209,112.7920282,-7.2877951,
6402008210,112.7923041,-7.2878073,
6402008211,112.792971,-7.2879567,
1507886229,112.7977553,-7.2740296,
6402008214,112.7923699,-7.2889891,
1507886231,112.7978493,-7.2740246,
6402008235,112.7920114,-7.2884464,
6402008238,112.7921458,-7.2888614,
6402008239,112.7921613,-7.2884425,
6402008242,112.7921904,-7.2883963,
6402008243,112.7932258,-7.2876068,
6402008247,112.7970532,-7.2840324,
6402008248,112.79797,-7.2840847,
6402008249,112.7978352,-7.2831572,
6402008250,112.7976731,-7.2819075,
6402008259,112.797986,-7.2788441,
6402008260,112.797961,-7.2789053,
6402008261,112.79787,-7.278909,
6402008280,112.7955433,-7.2781552,
6402008281,112.7951221,-7.2781432,
6402008282,112.7945669,-7.2788469,
6402008289,112.7965738,-7.2782042,
6402008291,112.7961065,-7.2786181,
6402008293,112.7947897,-7.2797834,
6402008296,112.7963821,-7.2779875,
6402008297,112.7964248,-7.2776133,
6402008298,112.7963455,-7.2775335,
6402008299,112.7962983,-7.2780933,
6402008303,112.7955349,-7.2785941,
6402008304,112.7960488,-7.2774015,
6402008305,112.7960522,-7.2772705,
6402008306,112.7962426,-7.277405,
6402008312,112.794721,-7.277461,
6402008313,112.7944449,-7.2756967,
6402008317,112.7920736,-7.2770901,
6402008320,112.7909673,-7.2773738,
6402008321,112.7908694,-7.2781119,
6402008325,112.7914716,-7.2787445,
6402008326,112.7913536,-7.2785759,
6402008327,112.7912373,-7.2784409,
6402008328,112.7911136,-7.2783473,
6402008329,112.7907984,-7.2781685,
6402008330,112.7902447,-7.2781967,
6402008332,112.7909895,-7.2766107,
6402008333,112.7908574,-7.2765109,
6402008334,112.790619,-7.2763426,
4682753322,112.793768,-7.2903729,
3123414322,112.7981187,-7.2924194,
10062964135,112.7966135,-7.2898663,
10062964137,112.7966181,-7.2902142,
2110227972,112.7930072,-7.2757752,
2110227973,112.7930782,-7.2760614,
2110227981,112.7930803,-7.2764671,
2110227994,112.7927103,-7.2771343,
2110228000,112.7911956,-7.2772374,
2110228004,112.7911064,-7.2772914,
2110228012,112.7914817,-7.2775435,
2110228016,112.7914805,-7.2776971,
9676342836,112.7957009,-7.2819577,
9676342837,112.7956749,-7.2819872,
2110228023,112.7908074,-7.2781016,
9676342840,112.7958034,-7.2798526,
2110228025,112.7902379,-7.2781411,
2110228031,112.792511,-7.2790005,
9676342839,112.795326,-7.282299,
12777654382,112.7983866,-7.2783952,
7679624817,112.7960408,-7.2836599,
7679624818,112.796643,-7.283684,
7679624821,112.7982157,-7.2788538,
12777654385,112.7990603,-7.2784062,
12777654384,112.8000172,-7.2784442,
7030523530,112.8008546,-7.2799409,
12777654394,112.7990735,-7.278988,
12777654395,112.799457,-7.2784183,
3716556499,112.8040619,-7.2742165,
3125225623,112.7910658,-7.2884157,
12567021363,112.7977248,-7.28133,
12567021364,112.7973904,-7.2814834,
4188931895,112.8010074,-7.290187,
4188931896,112.8006658,-7.2900762,
7679387533,112.8017851,-7.2760515,
6876981185,112.8018451,-7.2828404,
6876981199,112.7974819,-7.2825255,
6876981201,112.7974744,-7.2819207,
6876981206,112.7999373,-7.2754432,
6876981207,112.8002445,-7.2753615,
9719728094,112.7916952,-7.2780714,
9719728095,112.7915736,-7.2780707,
831064113,112.7979686,-7.2744533,
6618556518,112.8013836,-7.285964,
6618556528,112.7996879,-7.2880964,
12777654390,112.7986383,-7.2793039,
12777654391,112.7988264,-7.2792521,
4466018439,112.8004576,-7.2743688,
5560690824,112.7973868,-7.2781858,
4466018441,112.7998502,-7.2743966,
5560690823,112.7974744,-7.278084,
6618556550,112.8007474,-7.287686,
5560690830,112.7955359,-7.2788615,
4466018448,112.800485,-7.2746028,
5560690834,112.7916812,-7.2797852,
5560690838,112.7941096,-7.280257,
5560690840,112.7933412,-7.2794495,
5560690846,112.7928116,-7.2807703,
5560690849,112.7925789,-7.2818302,
4466018463,112.800751,-7.2760977,
5560690853,112.7995241,-7.2819354,
5560690854,112.7995671,-7.2834233,
5560690855,112.7985794,-7.2815287,
5560690858,112.7995881,-7.2796992,
5560690860,112.7986486,-7.2799238,
5560690861,112.7980328,-7.2799021,
5560690859,112.7990073,-7.2802414,
5560690865,112.7951262,-7.2793679,
5560690866,112.7951113,-7.2794848,
5560690862,112.8001231,-7.280273,
6618556598,112.7998429,-7.2861874,
6618556600,112.7999291,-7.2858615,
6618556602,112.800068,-7.2855087,
6618556595,112.7997887,-7.286419,
6618556612,112.8003336,-7.2850993,
6618556623,112.7984571,-7.2892587,
6618556624,112.7976796,-7.2859877,
6618556638,112.7975696,-7.2885367,
5556132772,112.8010592,-7.2876214,
10223331629,112.8011524,-7.2819432,
6869395857,112.8010783,-7.2842164,
6869395861,112.8007641,-7.2843969,
6869395864,112.7963251,-7.2778299,
6869395865,112.7963204,-7.2779151,
6419589564,112.8008059,-7.2744893,
3122244053,112.800982,-7.2871011,
5291764231,112.79488,-7.2761195,
5291764233,112.7949389,-7.2758128,
6402008011,112.7941969,-7.2825775,
4539165260,112.800765,-7.2742134,
4539165263,112.8005626,-7.2742766,
1365142117,112.7951823,-7.2753171,
1365142119,112.7946259,-7.275428,
2536041066,112.7958233,-7.2881084,
2536041076,112.7962735,-7.2858749,
2536041079,112.7948919,-7.286217,
2536041077,112.7962905,-7.2859794,
2536041078,112.7948854,-7.2861106,
2536041082,112.7981962,-7.2856648,
2536041083,112.7992979,-7.2841238,
2536041084,112.7993767,-7.2841215,
2536041080,112.7976439,-7.2857646,
2536041086,112.7993039,-7.2830547,
2536041088,112.7993915,-7.2830583,
2536041092,112.7985639,-7.281836,
2536041094,112.7985681,-7.2819032,
6013987536,112.7901936,-7.2799484,
6013987537,112.7903277,-7.2804858,
7679937241,112.800587,-7.2837743,
7679937242,112.7982174,-7.2805277,
7679937245,112.7978244,-7.2793843,
5561060077,112.801491,-7.2869787,
5561060091,112.8014454,-7.2857317,
5561060098,112.8002053,-7.2852884,
4213697289,112.7941633,-7.2902687,
4213697290,112.7939991,-7.2890184,
4213697291,112.7943887,-7.288954,
4213697292,112.7944817,-7.2895984,
6618557197,112.7978083,-7.2853241,
6618557198,112.797002,-7.2853227,
4213697297,112.7948058,-7.2888889,
4213697298,112.7949692,-7.2900972,
4213697299,112.7953051,-7.2888248,
4213697300,112.7953879,-7.2895149,
5558758178,112.7940144,-7.2794975,
5558758181,112.7947429,-7.2761086,
5558758182,112.7926351,-7.2816605,
5558758184,112.7926533,-7.2815383,
5558758185,112.7926132,-7.2815117,
5558758187,112.7925375,-7.2815273,
5558758197,112.7952053,-7.2793212,
5558758198,112.7945883,-7.2797595,
5558758199,112.7955835,-7.2812534,
5558758202,112.7969757,-7.2808507,
5558758204,112.7956961,-7.2790278,
5558758206,112.7963103,-7.2786168,
5558758207,112.7965832,-7.2783268,
9676344129,112.7920228,-7.2840763,
5558758210,112.7960255,-7.2767431,
5558758217,112.7959418,-7.2768155,
5558758215,112.7959958,-7.2769243,
5558758219,112.7956693,-7.2761251,
5558758220,112.7954608,-7.2763223,
11465198464,112.7952452,-7.2791312,
11465198465,112.7944245,-7.2791208,
6856854495,112.7935634,-7.2850963,
6856854502,112.7922242,-7.2884459,
10870385664,112.7866829,-7.2788484,
3122244633,112.800677,-7.2878918,
8226458662,112.8009211,-7.2832103,
6880365627,112.8015192,-7.2839533,
6880365641,112.7977484,-7.280836,
6880365647,112.7967449,-7.2811005,
6880365664,112.7962988,-7.2815638,
9676827817,112.794143,-7.2825166,
9676827818,112.7942786,-7.2823841,
2108345642,112.796263,-7.2815609,
2108345641,112.7957807,-7.2810659,
10669469004,112.7925241,-7.2890828,
7679241613,112.8018497,-7.2756402,
3121802669,112.7981061,-7.2789361,
3121802672,112.7979493,-7.2790491,
5560724923,112.7919497,-7.2759149,
7648644549,112.792492,-7.2890582,
9207369328,112.793576,-7.28602,
5563289205,112.7998482,-7.2742972,
5560915140,112.7998293,-7.2799581,
2108427900,112.7977922,-7.2801435,
5438779021,112.7956649,-7.2859593,
2108608250,112.7908467,-7.2762654,
2108608251,112.7909124,-7.2764441,
2108608253,112.7910359,-7.2765499,
2108608254,112.7912047,-7.2766939,
2108608256,112.7910651,-7.2773184,
1847217946,112.7905253,-7.2888085,
1847217949,112.7913521,-7.288425,
1847217951,112.7905691,-7.2880036,
1847217964,112.7922093,-7.288858,
1847217973,112.7907327,-7.2880001,
1847217980,112.7912716,-7.2892925,
1226567490,112.7919253,-7.2906674,
1847217988,112.7904995,-7.2892527,
1847217991,112.7905535,-7.2883801,
1847218002,112.791026,-7.2888318,
1847218003,112.7912958,-7.2888444,
9676820309,112.7936932,-7.2814968,
1722847204,112.8024492,-7.2781392,
1722847208,112.8011421,-7.2782663,
3010007024,112.7901989,-7.2790585,
3010007027,112.7904919,-7.2789206,
7687221253,112.7910727,-7.2768646,
7687221254,112.7910346,-7.2768629,
7687221255,112.7910656,-7.2772798,
1362399237,112.7981854,-7.2855615,
1362399272,112.7935896,-7.2890968,
5563912233,112.8015461,-7.2776004,
5563912235,112.8003498,-7.277647,
1362399277,112.7955922,-7.2864541,
5563912238,112.7998569,-7.2749338,
5563912237,112.8005204,-7.274923,
5563912239,112.800772,-7.2762513,
5563912236,112.8010297,-7.277635,
1362399295,112.7927851,-7.2809351,
10669469759,112.7924805,-7.2890517,
1362399304,112.793634,-7.2862876,
1362399307,112.7911536,-7.2800635,
1362399310,112.7978444,-7.2788751,
5558759521,112.7961301,-7.2768485,
5558759522,112.7960255,-7.2769322,
5558759526,112.7979208,-7.279522,
5558759523,112.798013,-7.2796065,
5558759531,112.797571,-7.2828724,
5558759534,112.797799,-7.2828803,
5558759541,112.7942169,-7.2821793,
5558759542,112.793767,-7.2817376,
5558759544,112.7936472,-7.2818491,
5558759545,112.7921436,-7.2800621,
1362399347,112.7931119,-7.2833646,
5558759549,112.7927098,-7.280661,
5558759550,112.792983,-7.280418,
5558759553,112.7923939,-7.2805327,
5558759557,112.7931111,-7.2804496,
4454871172,112.7965707,-7.2773293,
5558759559,112.7919156,-7.2781839,
5558759561,112.7916935,-7.2781816,
5558759564,112.7916929,-7.2781112,
1362399373,112.7933478,-7.2829413,
5558759567,112.7920644,-7.2762828,
5558759568,112.7920258,-7.2760164,
1362399377,112.7931263,-7.2875639,
1362399380,112.7907434,-7.2795,
1362399383,112.7932212,-7.2833251,
1362399385,112.7937157,-7.2899935,
1362399420,112.7906682,-7.2795639,
1362399435,112.7941052,-7.2824739,
1362399443,112.7943201,-7.2877289,
1362399473,112.7956782,-7.2870821,
1362399475,112.7933912,-7.2815504,
1362399480,112.79592,-7.2887341,
1362399509,112.7936388,-7.2871262,
1362399512,112.794077,-7.2822861,
2110296345,112.792802,-7.2758178,
2110296351,112.7927364,-7.2761298,
2110296352,112.7927231,-7.2765036,
1362399535,112.7925312,-7.2890615,
1362399538,112.7911864,-7.2799835,
1362399543,112.793087,-7.2832359,
1362399547,112.7924262,-7.2900919,
6618640725,112.7940573,-7.2770882,
6618640726,112.7945382,-7.2771015,
6618640731,112.7944658,-7.2775811,
6618640737,112.7944579,-7.2778611,
6618640742,112.7932432,-7.2777694,
6618640750,112.7930602,-7.2780075,
10008375689,112.7860718,-7.2766874,
5558759533,112.7972136,-7.2830686,
5558759536,112.7972182,-7.2831836,
4454871173,112.7975971,-7.2766115,
6618556539,112.800276,-7.2882667,
4454871184,112.7989696,-7.277161,
420401750,112.7809621,-7.2805031,
1682379358,112.789757,-7.2763561,
3121795711,112.797999,-7.2871224,
7627936392,112.7965553,-7.2875362,
3121795720,112.7980004,-7.2872017,
5291766435,112.7945573,-7.2761089,
1365144287,112.7955368,-7.2762495,
1365144306,112.7950532,-7.2756936,
1682379512,112.789779,-7.2767397,
6618556548,112.8010625,-7.2877704,
1365144344,112.7949238,-7.2757579,
1682379547,112.7898173,-7.2771922,
5555663705,112.7898482,-7.2840974,
5555663708,112.7898059,-7.2845272,
5555663709,112.7897577,-7.2850567,
6877565794,112.8001828,-7.2746179,
6877565795,112.8000956,-7.2761251,
2108765037,112.7969913,-7.2857504,
6877565804,112.8010839,-7.2779344,
6877565806,112.8004369,-7.2779423,
1682379658,112.7898772,-7.2777458,
6877565852,112.8007708,-7.2739421,
6877565860,112.8009026,-7.283021,
6877565872,112.8014327,-7.2761823,
6877565875,112.8013729,-7.2762303,
6877565876,112.8007851,-7.2763292,
5555975108,112.8016492,-7.2849174,
5555975109,112.7998832,-7.2844434,
5555975110,112.7998877,-7.2834167,
1682379719,112.7866422,-7.2782022,
5555975111,112.8002152,-7.284438,
5555975112,112.8002437,-7.2835694,
839668691,112.7897764,-7.2793016,
2108232682,112.7977261,-7.2818892,
839668716,112.7858276,-7.2818661,
1682379780,112.7898813,-7.2784035,
2108593157,112.7967897,-7.277746,
2108593160,112.7965617,-7.2780006,
839668745,112.7898059,-7.2794672,
839668753,112.7898756,-7.2800347,
6751564840,112.7950182,-7.2762182,
6751564841,112.7949437,-7.2762176,
6751564842,112.7959429,-7.2774015,
6751564843,112.7958094,-7.2773955,
6751564844,112.7910693,-7.2770058,
6751564845,112.7910727,-7.2768707,
6751564846,112.791196,-7.2770836,
6751564847,112.7912037,-7.2768112,
6751564850,112.793486,-7.2818314,
6751564876,112.7927084,-7.2804033,
7874876495,112.7973571,-7.2872702,
7874876496,112.7973282,-7.2870907,
5560915092,112.8010522,-7.277016,
5560915093,112.8009128,-7.2769965,
5560915096,112.8015158,-7.277061,
5560915098,112.8015747,-7.276521,
5560915101,112.8008974,-7.2819384,
5560915102,112.8009061,-7.2827026,
5560915104,112.8005759,-7.2832787,
5560915105,112.8002341,-7.2832793,
5560915106,112.8005636,-7.2827022,
5560915107,112.8002315,-7.2827063,
5560915115,112.8014621,-7.2756185,
1365152950,112.7994152,-7.2857149,
1365152951,112.7963695,-7.2861968,
1365152952,112.7978089,-7.2868772,
1365152953,112.7992931,-7.2861659,
1365152954,112.7965236,-7.2872197,
1365152956,112.7982795,-7.2868103,
5560915134,112.8013256,-7.2825975,
5560915135,112.8014854,-7.2826102,
1365152957,112.7977474,-7.2864192,
1365152959,112.7990481,-7.287043,
1365152963,112.7991698,-7.2866347,
1365152961,112.7977858,-7.2870374,
5560915149,112.8005593,-7.2819352,
5560915150,112.8002365,-7.2834094,
5560915152,112.799896,-7.2819369,
5560915156,112.8002363,-7.2819314,
5560915157,112.8011151,-7.2819426,
5560915158,112.8011054,-7.2827172,
6751581504,112.7950484,-7.2795646,
6865638759,112.7936969,-7.2881351,
6865638760,112.793266,-7.2881669,
6865638761,112.7939658,-7.2877805,
6865638762,112.7939151,-7.2874219,
6865638765,112.7920539,-7.288859,
3010008433,112.7950921,-7.2757742,
3010008437,112.797775,-7.2747903,
3010008445,112.8008314,-7.2743833,
3010008446,112.8009656,-7.2750066,
3010008451,112.8017848,-7.2760848,
3010008452,112.801789,-7.2760343,
3010008454,112.801831,-7.2759806,
2108446092,112.7936799,-7.2863139,
2108446093,112.7935414,-7.2863495,
2108446095,112.7935649,-7.2864229,
3010008462,112.8019093,-7.2759658,
2108872146,112.795545,-7.286102,
4441740757,112.8014227,-7.2838006,
4441740762,112.8009385,-7.2839197,
4441740778,112.8016994,-7.2845493,
4441740781,112.8006132,-7.2846035,
9171408396,112.7972116,-7.2841668,
9171408397,112.7976555,-7.2844089,
9171408398,112.7971968,-7.2843876,
9171408399,112.7970495,-7.2840719,
5560718900,112.797196,-7.2840362,
5560718902,112.7938299,-7.2754979,
5560718905,112.7969578,-7.2777296,
5560718909,112.7968778,-7.2776522,
5560718912,112.7967964,-7.2777701,
5560718917,112.7968694,-7.2778197,
5560718919,112.7937448,-7.2756442,
5560718920,112.7937254,-7.2755251,
7686542922,112.7910716,-7.2765718,
2536183424,112.7932783,-7.284587,
2536183426,112.7930407,-7.2855112,
2536183427,112.793269,-7.2844939,
6618556584,112.8016627,-7.2882167,
3122484902,112.7958419,-7.2882288,
3122484905,112.7964077,-7.2884793,
3122484907,112.7968362,-7.2886498,
3122484908,112.7964355,-7.2887026,
3122484909,112.7964785,-7.2890355,
3122484910,112.7959695,-7.2890892,
838481589,112.7899555,-7.2792699,
838481606,112.7976485,-7.2745488,
838481610,112.7977808,-7.2744151,
1362399350,112.7931386,-7.2829933,
5555705595,112.7970211,-7.284913,
5555705599,112.7970204,-7.2843794,
5555705603,112.7966443,-7.2851259,
5555705604,112.7970113,-7.285124,
9880655699,112.8008407,-7.2874534,
9880655700,112.8009524,-7.2874916,
6618556594,112.8014666,-7.2903396,
5558758212,112.7959398,-7.2768481,
12777682902,112.7990281,-7.2794565,
12777682908,112.7982971,-7.2776834,
7678965792,112.803909,-7.2752897,
4533090364,112.7997847,-7.2889044,
4533090365,112.8011114,-7.2889167,
4533090372,112.7997125,-7.2891087,
4533090378,112.8002385,-7.2892736,
4533090379,112.800971,-7.289305,
4441741393,112.8015133,-7.2855059,
4533090385,112.7994483,-7.2897022,
4533090381,112.7995868,-7.2894248,
4533090382,112.7989188,-7.2894789,
9186719856,112.7920314,-7.2801413,
9186719857,112.7931413,-7.2846364,
9186719859,112.7931197,-7.2842685,
9186719863,112.7932215,-7.2841756,
9186719867,112.7935937,-7.281792,
9186719868,112.7926887,-7.28184,
9186662588,112.7896698,-7.2843516,
6621542602,112.7986016,-7.2884206,
6621542614,112.8005631,-7.2865183,
9189251348,112.7912657,-7.2784738,
9189251349,112.7913838,-7.2783889,
6751697201,112.7931346,-7.2845026,
6914308544,112.8011025,-7.2780407,
6914308547,112.8014521,-7.2780168,
270391760,112.7809637,-7.2806967,
270391762,112.7898828,-7.2794567,
270391765,112.7905976,-7.2795982,
6914308578,112.7966309,-7.2822418,
1362426334,112.7900044,-7.28075,
1362426336,112.7899419,-7.2834485,
270391788,112.7980356,-7.2746376,
270391790,112.7978615,-7.2744075,
1362426348,112.7886416,-7.2848977,
1362426350,112.788718,-7.2850044,
1362426353,112.7897962,-7.280073,
1362426357,112.7899805,-7.28058,
1362426360,112.7898602,-7.280602,
1722825267,112.8008989,-7.2745207,
5561489998,112.7994007,-7.2834524,
6866041455,112.7959995,-7.2885756,
6866041456,112.7959901,-7.2884944,
9676923831,112.7995451,-7.2810978,
6862379689,112.7943493,-7.2862093,
7648271033,112.7936726,-7.2798111,
7648271034,112.7937672,-7.2797225,
7648271035,112.7944247,-7.2804047,
7648271039,112.7934162,-7.2793883,
7648271050,112.7940363,-7.2823232,
10229209873,112.8004477,-7.2742799,
5560687407,112.793198,-7.2832279,
7669513007,112.7910516,-7.279958,
7669513009,112.7910924,-7.27988,
7669513006,112.7909663,-7.2782481,
9679813433,112.7977574,-7.2840288,
5560687417,112.7978922,-7.2787168,
5560687418,112.7980015,-7.2786128,
6862814029,112.7958579,-7.288332,
11350793121,112.795688,-7.2819724,
5556132771,112.8013381,-7.2839632,
11350793123,112.7961283,-7.2823865,
11350793125,112.7964281,-7.2824152,
11350793128,112.7961434,-7.2823866,
5556132777,112.8017525,-7.2859912,
5556132778,112.8014049,-7.2858881,
5556132779,112.80177,-7.2857631,
5556132780,112.8014601,-7.2856751,
5556132773,112.8018719,-7.2878077,
2535857129,112.7975586,-7.2899281,
2535857131,112.7980028,-7.287217,
7227235314,112.8007458,-7.2760592,
5561023480,112.7898169,-7.2834339,
5561023481,112.7900369,-7.2824014,
5561023482,112.7899104,-7.2823955,
6618422342,112.790181,-7.2775202,
6618422343,112.7900669,-7.277526,
6618422344,112.7901928,-7.2776489,
6618422345,112.7900791,-7.2776596,
6618422367,112.7914623,-7.2785396,
6618422368,112.7908645,-7.2781946,
6618422400,112.7896024,-7.2794966,
6618422406,112.7891864,-7.2850833,
6618422407,112.7897584,-7.2848267,
2110299407,112.7952815,-7.2774794,
2110299408,112.7944694,-7.2774528,
2110299409,112.7947129,-7.2776087,
2110299410,112.7953324,-7.2775739,
2110299416,112.7944114,-7.2793052,
2110299414,112.7944395,-7.2784664,
2108742938,112.7981768,-7.2778648,
2108742942,112.7971671,-7.2779509,
2535849030,112.7928687,-7.2894392,
2535849031,112.793616,-7.2893423,
5563940211,112.7961749,-7.2749983,
5563940212,112.796199,-7.2750961,
5555707325,112.7994847,-7.2875017,
5555707326,112.7993533,-7.2880312,
831069661,112.8026634,-7.283767,
831069666,112.8019128,-7.2841143,
831069667,112.8010679,-7.2869197,
6563036679,112.7953073,-7.2773272,
6563036680,112.7944841,-7.2772217,
6563036681,112.7944816,-7.2773253,
4533091990,112.7999514,-7.2899331,
2108366494,112.7977079,-7.2815656,
6908182227,112.8015755,-7.2759096,
3125239536,112.7909989,-7.2772841,
2320326412,112.7938575,-7.2756169,
2320326413,112.7963142,-7.2750728,
6402023254,112.7928843,-7.2758945,
6402023255,112.7928758,-7.2761304,
6402023257,112.792897,-7.2771897,
6402023259,112.7937713,-7.2772078,
6402023265,112.7958575,-7.2767864,
6402023266,112.7946318,-7.2755158,
5259804547,112.7964417,-7.2867111,
5259804548,112.7971286,-7.2866015,
7885509684,112.7964122,-7.2835202,
5259804592,112.7920748,-7.2767077,
2108465115,112.796286,-7.2827209,
12777682909,112.7914985,-7.276394800000001,Parkir Graha ITS
12777682910,112.7910163,-7.276771499999999,DIVINUSA 15
12777682911,112.7916279,-7.276944600000001,Grha Sepuluh Nopember
12777682912,112.792413,-7.276293000000001,Naufalindo Machinery
12777682913,112.7929489,-7.276033999999999,Pos Satpam PENS
12777682914,112.7931456,-7.275827999999999,Halte PENS
12777682915,112.7937557,-7.2758471,Politeknik Elektronika Negeri Surabaya
12777682916,112.7929319,-7.276358,Masjid An-Nahl PENS
12777682917,112.7940697,-7.275881699999999,Tempat Parkir Mahasiswa PENS
12777682918,112.794513,-7.275802000000001,Pusat Unggulan Teknologi PENS
12777682919,112.7946413,-7.275897599999998,PENS Skyventure Incubator
12777682920,112.7940697,-7.275881699999999,Tempat Parkir Mahasiswa PENS
12777682921,112.7949776,-7.275647500000001,Science Technopark
12777682922,112.7956334,-7.275926599999999,JAVA DRONE
12777682923,112.7958327,-7.276065600000001,Science Technopark ITS
12777682924,112.7965112,-7.275252099999999,Proyek Pembangunan Fakultas Kedokteran ITS
12777682925,112.7930624,-7.276602,Pasca Sarjana PENS
12777682926,112.7921199,-7.2771816,CW1 ITS
12777682927,112.7911759,-7.277787,Parkir Mobil Dan Motor Graha Sepuluh Nopember
12777682928,112.7902333,-7.2781974,Gerbang Vokasi
12777682929,112.7928183,-7.2769333,Global Languages Center (GLC) ITS
12777682930,112.792671,-7.277829000000001,Departemen Manajemen Bisnis ITS
12777682931,112.7920983,-7.278356,Departemen Teknik Instrumentasi FV - ITS
12777682932,112.7935761,-7.2771124,Game Technology PENS
12777682933,112.7949635,-7.276451000000001,Gedung D4 Politeknik Elektronika Negeri Surabaya
12777682934,112.7943456,-7.277075899999999,Kantin PENS
12777682935,112.7941103,-7.2772559,Inkubator Bisnis PPNS
12777682936,112.7966956,-7.2768904,Gedung Forensik ITS
12777682937,112.7967713,-7.276755699999999,Laboratorium Rekayasa Forensik
12777682938,112.7958875,-7.2773791,Politeknik Perkapalan Negeri Surabaya
12777682939,112.7974149,-7.277483500000002,ITS Robotics Center
12777682940,112.7961825,-7.277747000000001,Graha Dewa Ruci
12777682941,112.7983144,-7.277390999999999,ITS Robotics Community
12777682942,112.7978918,-7.278154499999998,Taman Busur
12777682943,112.7969948,-7.2783788,DKV ITS Surabaya
12777682944,112.7945763,-7.2781003,Masjid Bahrul Ulum Politeknik Perkapalan Negeri Surabaya (PPNS)
12777682945,112.7935819,-7.278137399999999,D4 Teknik Pengelasan PPNS
12777682946,112.7916077,-7.278699899999998,Vokasi ITS
12777682947,112.7907642,-7.279089,Areal Bundaran Institut Teknologi Sepuluh Nopember
12777682948,112.7923983,-7.2787794,Departemen Teknik Kimia Industri ITS
12777682949,112.7932275,-7.2790129,Parkir Motor PPNS (Gedung M)
12777682950,112.7942714,-7.278818199999998,Bengkel Non Metal Ppns
12777682951,112.7946517,-7.278928099999999,Library PPNS
12777682952,112.7949529,-7.278950900000001,LABORATORIUM LIMBAH PPNS
12777682953,112.7950443,-7.278692300000001,Bengkel CNC PPNS
12777682954,112.7957762,-7.279143599999999,Interior Design ITS
12777682955,112.79635,-7.278843800000002,Departemen Desain Produk Industri FADP ITS
12777682956,112.7973583,-7.2793133,Laboratorium Pemrograman Departemen Informatika ITS Surabaya
12777682957,112.7981829,-7.279191000000001,STP Maritim - ITS
12777682958,112.7984006,-7.279092700000001,Alfatekelits
12777682959,112.7922213,-7.2799532,Environmental Engineering Department - FTSPK ITS
12777682960,112.7940956,-7.2796308,Departemen Perencanaan Wilayah dan Kota FTSPK ITS
12777682961,112.7929264,-7.280325500000003,Laboratorium Struktur
12777682962,112.7920503,-7.280665399999999,Lapangan Taman Alumni ITS
12777682963,112.7930689,-7.280863099999999,Departemen Teknik Sipil FTSLK ITS
12777682964,112.7949293,-7.2799426,Departemen Teknik Geomatika
12777682965,112.7938703,-7.281044399999998,Department of Architecture ITS
12777682966,112.7944207,-7.280939099999999,Parkir Rektorat
12777682967,112.7937,-7.2814482,Parking lot
12777682968,112.7943882,-7.2815577,Rektorat ITS
12777682969,112.7949293,-7.2799426,Departemen Teknik Geomatika
12777682970,112.7954185,-7.279993699999999,Teknik Geofisika ITS
12777682971,112.7952408,-7.2806015,Prodi Teknologi Kedokteran ITS
12777682972,112.7954859,-7.280748200000001,Pascasarjana ITS
12777682973,112.7975646,-7.2797492,Departemen Teknik Informatika ITS
12777682974,112.7988645,-7.2800812,Co-working Space BRIN Sukolilo
12777682975,112.799283,-7.2802169,Hydrodynamics Laboratory Indonesia
12777682976,112.7973836,-7.281126399999999,ITS Research Center
12777682977,112.7967376,-7.280604,Departemen Sistem Informasi Fakultas Teknologi Elektro dan Informatika Cerdas Institut Teknologi Sepuluh Nopember
12777682978,112.7984542,-7.282319999999999,Departemen Teknik Transportasi Laut
12777682979,112.7975068,-7.281782100000003,Faculty of Marine Technology
12777682980,112.7956476,-7.2816318,ITS Library
12777682981,112.7946266,-7.2819303,Gazebo Lingkar Perpustakaan ITS
12777682982,112.7951638,-7.2819324,Lapangan Perpustakaan ITS
12777682983,112.7968489,-7.282158700000001,DMOM Laboratory ITS
12777682984,112.7965342,-7.281763299999998,Departemen Teknik Sistem Perkapalan
12777682985,112.7930539,-7.2824038,Masjid Manarul Ilmi ITS
12777682986,112.7931279,-7.2832844,Bundaran Teknik Mesin
12777682987,112.7935407,-7.283349500000001,SCC ITS
12777682988,112.7945491,-7.2823669,Plaza dr. Angka
12777682989,112.7953945,-7.2824312,Departemen Studi Pembangunan ITS
12777682990,112.7965385,-7.282517799999999,Departemen Teknik Perkapalan
12777682991,112.7969955,-7.282396099999999,Aula BG Munaf FTK ITS
12777682992,112.7974516,-7.2827011,Parkir Motor Teknik Kimia
12777682993,112.7957558,-7.283077599999999,HMTF ITS
12777682994,112.795727,-7.283661200000002,Departemen Teknik Fisika FTI
12777682995,112.7950423,-7.283368199999999,Teater A
12777682996,112.793632,-7.283801,ITS BNI
12777682997,112.792739,-7.2837168,Lapangan Tenis ITS
12777682998,112.7922478,-7.283834499999998,Kantor UPT Fasilitas Olahraga ITS (baru)
12777682999,112.7919253,-7.283892699999999,GOR Futsal Pertamina ITS
12777683000,112.7930384,-7.284312300000001,Bank Mandiri ITS
12777683001,112.7930756,-7.284568800000001,Bank Syariah Indonesia (BSI)
12777683002,112.793966,-7.2839078,Kantin Pusat ITS
12777683003,112.7962451,-7.2829298,Department of Chemical Engineering FTI-ITS
12777683004,112.7949661,-7.283875999999999,Departemen Kimia Fakultas Sains ITS
12777683005,112.7971046,-7.284156100000001,Faculty of Industrial Technology
12777683006,112.7974281,-7.283869699999999,Departemen Teknik Sistem dan Industri
12777683007,112.7981115,-7.284768899999999,Kantor Tabungan Sampah Terpadu (TaSTe) ITS
12777683008,112.7963419,-7.284394499999999,Departemen Teknik Mesin FTI ITS
12777683009,112.7964306,-7.284872199999999,Computer Engineering Department ITS
12777683010,112.794756,-7.284490000000002,Faculty of Sciences
12777683011,112.7943417,-7.2844439,Departemen Fisika Fakultas Sains ITS
12777683012,112.793897,-7.2849915,Menara Sains (Tower 1) ITS
12777683013,112.7931996,-7.285157799999999,Lapangan Basket Flexy
12777683014,112.7932476,-7.285765700000001,Lapangan Bola Basket
12777683015,112.7916651,-7.285120899999999,IIW Park
12777683016,112.7924163,-7.285403399999998,ITS Stadium
12777683017,112.7944274,-7.285478400000001,Department of Statistics - FScientics ITS
12777683018,112.7949528,-7.285008099999998,Departemen Matematika FSAD ITS
12777683019,112.7952975,-7.2852792,Gedung Tower 2 ITS
12777683020,112.7961435,-7.285108299999999,Departemen Teknik Elektro
12777683021,112.7966792,-7.285065299999999,Parking lot
12777683022,112.7973943,-7.285222,Departemen Teknik Material & Metalurgi
12777683023,112.7991769,-7.285335399999997,Taman Vivat ITS
12777683024,112.7959437,-7.286433,Danau 8 ITS
12777683025,112.7954953,-7.2869297,International Dormitory ITS
12777683026,112.7940174,-7.286630999999999,K1mart
12777683027,112.7930354,-7.286737199999998,Gelanggang Olah Raga (GOR) Bulutangkis ITS
12777683028,112.7927923,-7.287391299999999,Lapangan Futsal PLN
12777683029,112.792717,-7.288231899999998,Asrama Mahasiswa ITS
12777683030,112.7925995,-7.288657400000001,Halte Asrama Mahasiswa ITS
12777683031,112.7917808,-7.2873378,Asrama ITS Blok A
12777683032,112.7903568,-7.287760800000001,Dormitory ITS Block J
12777683033,112.7911844,-7.288155499999999,Asrama ITS Blok I
12777683034,112.792103,-7.288075099999999,Aula Asrama ITS
12777683035,112.7917327,-7.2886677,Asrama ITS Blok H
12777683036,112.7902115,-7.288554899999998,ASRAMA MAHASISWA ITS GEDUNG K
12777683037,112.7909435,-7.2891182,Asrama ITS Blok G
12777683038,112.7923698,-7.287689299999999,Asrama ITS Blok D
12777683039,112.7916947,-7.288990099999999,Asrama ITS Blok E
12777683040,112.7929609,-7.2768302,Gedung S2 Politeknik Elektronika Negeri Surabaya
12777683041,112.7933415,-7.276398199999999,Unit Layanan Terpadu (ULT) Politeknik Elektronika Surabaya (PENS)
12777683042,112.7927631,-7.277047699999999,Parkiran UPT BAHASA ITS
12777683043,112.7933455,-7.276581699999999,Taman PENS
12777683044,112.7935627,-7.276598299999999,Library PENS
12777683045,112.7938414,-7.276597999999999,Lapangan Merah PENS
12777683046,112.7942895,-7.276287000000001,F.I.A Tech
12777683047,112.7951341,-7.276287000000003,Point 1
12777683048,112.7952012,-7.2767357,Industrial Electronics Laboratory at D4 Building 2nd Floor
12777683049,112.7949169,-7.276761,Lapangan Basket PENS
12777683050,112.7951905,-7.276882899999999,Lab Kontrol Cerdas dan Robotika PENS
12777683051,112.7944328,-7.276617699999999,ENT Room
12777683052,112.7960247,-7.276839799999999,Bundaran Teknik Perkapalan
12777683053,112.7954192,-7.2767966,Lapangan Futsal PENS
12777683054,112.7952012,-7.2767357,Industrial Electronics Laboratory at D4 Building 2nd Floor
12777683055,112.7937337,-7.2771042,Sistem Pembangkit Energi
12777683056,112.7942741,-7.2769386,Lab Robot Politeknik Elektronika Negeri Surabaya
12777683057,112.7937218,-7.2774093,ME PPNS
12777683058,112.7968488,-7.277727100000001,Bundaran Despro
12777683059,112.7963204,-7.2778858,International Office Of PPNS
12777683060,112.7953632,-7.277811599999998,PPNS Futsal Court
12777683061,112.7967402,-7.2766188,Kantor Penyelidikan Kejahatan Siber (KPKS) ITS
12777683062,112.7966956,-7.2768904,Gedung Forensik ITS
12777683063,112.7971951,-7.2773769,PT. Tekno Sains Medika
12777683064,112.7982235,-7.277256599999999,Abinara-1 ITS
12777683065,112.798231,-7.277445600000001,Barunastra ITS
12777683066,112.7972746,-7.2776806,ITS Robotics Parking Lot
12777683067,112.7958421,-7.2781539,Laboratorium CNC PPNS
12777683068,112.7956563,-7.2782637,Politeknik Perkapalan Negeri Surabaya Bengkel Pemesinan (Bengkel Perkakas)
12777683069,112.7963844,-7.278403900000001,Parkir Motor - Gedung Despro ITS
12777683070,112.7953926,-7.278084799999999,Jasa Roll Plat
12777683071,112.7948522,-7.277934699999999,Manufacture Center Of PPNS
12777683072,112.7945763,-7.2781003,Masjid Bahrul Ulum Politeknik Perkapalan Negeri Surabaya (PPNS)
12777683073,112.7948651,-7.278276200000001,Laboratorium Motor Bakar
12777683074,112.7950099,-7.278262900000001,Mesin Fluida/Pendingin PPNS
12777683075,112.7951253,-7.278268199999999,Laboratorium Pneumatik/Hidrolik
12777683076,112.7950443,-7.278692300000001,Bengkel CNC PPNS
12777683077,112.7933545,-7.2784152,PUSAT ROBOTIKA POLITEKNIK PERKAPALAN NEGERI SURABAYA
12777683078,112.793262,-7.277675999999999,Himpunan Fisika Indonesia
12777683079,112.7942344,-7.277687499999998,Gedung Bahasa Training Center (T) TOEIC ETS PPNS Surabaya
12777683080,112.79385,-7.2780267,"Lapangan Olahraga dan Tempat ""DPR"""
12777683081,112.793409,-7.278017000000001,Pendayagunaan Open Source Software ITS Surabaya
12777683082,112.7927307,-7.277559800000001,Parkir Mobil Departemen Manajemen Bisnis ITS
12777683083,112.792057,-7.277590999999999,Maritime Challenge Indonesia
12777683084,112.791696,-7.278102000000001,Konsorsium Kemitraan Bahari RC Jatim
12777683085,112.7926022,-7.278104600000002,Indonesia Blockchain Center
12777683086,112.793409,-7.278017000000001,Pendayagunaan Open Source Software ITS Surabaya
12777683087,112.792349,-7.278267899999999,Kantor Divisi Inkubator Inovasi Teknologi DTINS ITS
12777683088,112.7926668,-7.278363199999999,Departemen Statistika Bisnis ITS Surabaya
12777683089,112.7979106,-7.2788432,Bundaran Robotika
12777683090,112.7978358,-7.2794508,Ships Mart PPNS
12777683091,112.7969666,-7.279456700000001,Mushola Teknik Informatika ITS
12777683092,112.7974969,-7.279362100000001,WC Cantik Informatika ITS
12777683093,112.7973825,-7.279581599999999,Plasa Prof Supeno Djanali
12777683094,112.7975002,-7.279825699999999,Lab Mobile Innovation Studio ITS
12777683095,112.797065,-7.2797861,PIKTI ITS
12777683096,112.7981544,-7.2797111,Pos 1 BRIN Kawasan Surabaya
12777683097,112.7970178,-7.2800442,Kantin Informatika ITS
12777683098,112.7977885,-7.280148499999997,Laboratorium Pantai dan Lingkungan Laut Teknik Kelautan ITS
12777683099,112.7950701,-7.2800282,Lab. Geospasial
12777683100,112.7949293,-7.2799426,Departemen Teknik Geomatika
12777683101,112.7949293,-7.2799426,Departemen Teknik Geomatika
12777683102,112.7935416,-7.2791645,Parkir Motor PPNS (Kolam Uji)
12777683103,112.794324,-7.279988599999998,Lapangan Perencanaan Wilayah dan Kota ITS
12777683104,112.7926632,-7.278576900000001,Plaza Bawah Teknik Mesin Industri
12777683105,112.7925036,-7.278826,Electrical Automation Engineering Department
12777683106,112.7916644,-7.278532999999999,Department of Mechanical Industrial Engineering ITS
12777683107,112.7918733,-7.278813599999999,Workshop NOGOGENI
12777683108,112.7904648,-7.279309800000001,Taman Air Mancur Menari ITS
12777683109,112.7907377,-7.2795546,Pos 1 ITS
12777683110,112.7938442,-7.278651399999999,PUSAT UNGGULAN TEKNOLOGI PPNS
12777683111,112.7950443,-7.278692300000001,Bengkel CNC PPNS
12777683112,112.7962043,-7.278742899999999,PlastikGosong
12777683113,112.7965757,-7.278729000000002,Jurusan Desain Produk Industri - FTSP - ITS
12777683114,112.7961895,-7.2788441,iDIG Despro ITS
12777683115,112.7969048,-7.278898799999999,Parkir Mobil - Gedung Despro ITS
12777683116,112.7961447,-7.279069300000001,Lab Protomodel Despro ITS
12777683117,112.797065,-7.2797861,PIKTI ITS
12777683118,112.7952029,-7.2798672,Parkir Teknik Geomatika ITS
12777683119,112.794753,-7.279425599999998,Parkir Motor PWK ITS
12777683120,112.7949293,-7.2799426,Departemen Teknik Geomatika
12777683121,112.7944745,-7.280194499999999,Kantin Geomatika
12777683122,112.7938335,-7.280314799999997,Lapangan Teknik Sipil ITS
12777683123,112.79311,-7.2802697,Musholla Teknik Sipil ITS
12777683124,112.7931396,-7.2803658,Ruang Baca Teknik Sipil ITS
12777683125,112.7927779,-7.280125,Water Resources and Coastal Engineering Laboratory
12777683126,112.7929448,-7.280107399999999,Institut Teknologi Sepuluh Nopember Laboratorium Hidroteknik Dan Pantai
12777683127,112.7929458,-7.280594199999999,Parkir Mobil Teknik Sipil
12777683128,112.7935848,-7.280578599999999,EPI UNET
12777683129,112.7935554,-7.280717999999999,Taman Alumni Teknik Sipil ITS
12777683130,112.7939761,-7.280664799999999,Lab Uji Bahan ITS
12777683131,112.7949293,-7.2799426,Departemen Teknik Geomatika
12777683132,112.7954024,-7.280617499999999,Fakultas Kedokteran dan Kesehatan - FKK ITS
12777683133,112.7958825,-7.2807688,ISICO - Information Systems International Conference
12777683134,112.7961794,-7.2808479,Himpunan Mahasiswa Sistem Informasi
12777683135,112.7941351,-7.281109199999999,Himasthapati
12777683136,112.7976959,-7.280920300000001,Tekno Sains Consultant
12777683137,112.7974924,-7.281143399999999,Laboratorium Energi dan Lingkungan ITS
12777683138,112.797322,-7.281188999999999,PT Usaha Tugu Adi Mandiri
12777683139,112.797199,-7.2812814,Tekno Sains Academy
12777683140,112.7973081,-7.281299999999999,Direktorat Pengembangan Teknologi dan Sistem Informasi (DPTSI) - ITS
12777683141,112.7973027,-7.281448600000001,INO-G (Innovative Generation)
12777683142,112.7967495,-7.281426700000001,Parkir Motor - Jurusan Sistem Perkapalan ITS
12777683143,112.7993204,-7.281746600000001,Workshop Pengolahan Asbuton
12777683144,112.7986532,-7.2822092,Ruang Sekretariat BEM FTK - ITS
12777683145,112.7970106,-7.281752900000001,Lab MPP
12777683146,112.7971464,-7.2820405,Himasiskal FTK-ITS
12777683147,112.7956549,-7.281689099999999,ITS TV
12777683148,112.7953991,-7.281667100000001,Co-Working Space Perpustakaan ITS
12777683149,112.7955258,-7.2817649,Lab. Kota Cerdas dan Keamanan Siber (KCKS) - Dept. Teknologi Informasi ELECTICS ITS
12777683150,112.7943882,-7.2815577,Rektorat ITS
12777683151,112.792577,-7.281585000000001,Bundaran Manarul Ilmi
12777683152,112.7940995,-7.2823349,Grab Corner ITS
12777683153,112.7944574,-7.282205800000002,Direktorat Kemahasiswaan ITS
12777683154,112.7943652,-7.282352,Pusat Layanan Terpadu ITS (PLT-ITS)
12777683155,112.7944662,-7.2823714,KANTOR DEWAN PROFESOR ITS SUKOLILO
12777683156,112.794535,-7.2822977,Layanan Pengadaan Secara Elektronik (LPSE) Institut Teknologi Sepuluh Nopember
12777683157,112.7949253,-7.282356,Sepuluh Nopember Institute of Technology
12777683158,112.794586,-7.282452599999999,Direktorat Pendidikan Sarjana dan Pascasarjana ITS
12777683159,112.7948026,-7.282481599999998,Badan Akademik & Kemahasiswaan
12777683160,112.7954027,-7.282140999999999,Sewa Forklift Harian Surabaya
12777683161,112.7961239,-7.2820436,Marine Park
12777683162,112.796542,-7.281947799999999,Mushola FTK - ITS
12777683163,112.7967557,-7.281907700000001,Kantin FTK - ITS
12777683164,112.7970106,-7.281752900000001,Lab MPP
12777683165,112.7970106,-7.281752900000001,Lab MPP
12777683166,112.7971464,-7.2820405,Himasiskal FTK-ITS
12777683167,112.796951,-7.282153999999998,Parkir eksklusif dosen siskal
12777683168,112.7974127,-7.2822947,Workshop ITS Marine Solar Boat Team
12777683169,112.7971251,-7.282241099999999,ITS. P. HERI
12777683170,112.7966946,-7.282104100000002,Marine Reliability and Safety Laboratory ITS
12777683171,112.7966946,-7.282104100000002,Marine Reliability and Safety Laboratory ITS
12777683172,112.7977511,-7.2834472,Gedung Baru JTI
12777683173,112.7974499,-7.2835192,Auditorium Jurusan Teknik Industri ITS
12777683174,112.7974315,-7.2836609,Laboratorium Sistem Manufaktur Teknik Industri ITS
12777683175,112.7969622,-7.283700300000001,Parkiran Motor Teknik Fisika ITS
12777683176,112.7966698,-7.2829771,HIMA-TRK
12777683177,112.7964342,-7.2830177,Laboratorium Pengolahan Limbah Industri dan Biomassa
12777683178,112.797233,-7.2826888,Kantin Tekkim ITS
12777683179,112.7969955,-7.282396099999999,Aula BG Munaf FTK ITS
12777683180,112.7952097,-7.2825966,Kantin SP ITS
12777683181,112.7949692,-7.282610300000001,Direktorat Perencanaan dan Pengembangan
12777683182,112.7947711,-7.282766599999999,Biro Umum dan Reformasi Birokrasi ITS
12777683183,112.7941154,-7.2829278,Taman BAAK-ITS
12777683184,112.794916,-7.282957100000002,Unit Pengembangan Smart Eco Campus
12777683185,112.7948963,-7.283039500000003,Direktorat Sumber Daya Manusia dan Organisasi ITS
12777683186,112.7954539,-7.282742100000001,Lapangan Studi Pembangunan ITS
12777683187,112.7967313,-7.282650600000002,Parkir Fakultas Teknologi Kelautan
12777683188,112.7969955,-7.282396099999999,Aula BG Munaf FTK ITS
12777683189,112.79702,-7.2828817,Aula Oedjoe Djoeriaman
12777683190,112.796948,-7.283005399999998,Fotokopi Orange Teknik Kimia
12777683191,112.7978124,-7.2838801,Auditorium Sinar Mas - Teknik Industri (ITS)
12777683192,112.7970126,-7.2838192,Tugu Departemen Teknik Fisika ITS
12777683193,112.7974315,-7.2836609,Laboratorium Sistem Manufaktur Teknik Industri ITS
12777683194,112.7961798,-7.283548799999998,Lokasi Persemaian
12777683195,112.7951066,-7.283110100000001,Kearsipan dan Dokumentasi Multimedia ITS
12777683196,112.7950966,-7.2831755,Sekretariat BK MWA WM ITS
12777683197,112.7945977,-7.283187300000001,ITS Global Kampong
12777683198,112.7948013,-7.283381899999999,Digital Innovation Lounge (DILo) ITS
12777683199,112.7942691,-7.283392900000002,Arena SAC ITS
12777683200,112.793888,-7.282991099999999,Parkir Sepeda Motor KPA ITS(Parkir Pusat 1)
12777683201,112.7936757,-7.2833443,UKM Fotografi ITS (UKAFO)
12777683202,112.7936543,-7.283390799999997,Sekretariat UKM Fotografi ITS
12777683203,112.793461,-7.283447,PLH SIKLUS ITS
12777683204,112.7936063,-7.2835076,Sekretariat BEM ITS
12777683205,112.793669,-7.283541799999999,Sekretariat UKM Penalaran ITS
12777683206,112.79395,-7.283395499999998,PMSC ITS
12777683207,112.793901,-7.283350299999999,ITSPress
12777683208,112.7936163,-7.2836305,UKM KSR PMI ITS SURABAYA
12777683209,112.7941556,-7.283532200000001,SAC ITS
12777683210,112.7941126,-7.2836909,Kantor Pos ITS
12777683211,112.7940702,-7.283768699999999,ITS Merchandise Center
12777683212,112.7937163,-7.283851500000001,ATM BNI
12777683213,112.7939494,-7.2838579,Cicak Corp
12777683214,112.7939092,-7.283996199999999,Homesteak
12777683215,112.7940535,-7.284030599999999,Rumah Kopi Nusantara - Institut Teknologi Sepuluh Nopember
12777683216,112.7942682,-7.283926300000001,DURJA @musikits
12777683217,112.794535,-7.2838488,Himpunan Mahasiswa Kimia ITS
12777683218,112.7945307,-7.283970200000002,Sekretariat HIMKA ITS (K-200)
12777683219,112.7949756,-7.283702099999999,Taman BENZENA
12777683220,112.7960486,-7.2837569,Gedung E ITS
12777683221,112.7961729,-7.283753800000001,Laboratorium Rekayasa Bahan ITS
12777683222,112.7962524,-7.2837783,Embedded and Cyber-Physical System Laboratory (ECS)
12777683223,112.7963311,-7.2838634,E-205 Laboratorium Komputasi dan Sistem Siber-Fisik
12777683224,112.7960904,-7.283917600000001,Gazebo Teknik Fisika ITS
12777683225,112.795863,-7.2838978,Musholla Teknik Fisika ITS
12777683226,112.7964961,-7.283985099999999,Laboratorium Workshop Instrumentasi Teknik Fisika ITS
12777683227,112.7964669,-7.2840889,S2 Teknik Fisika ITS
12777683228,112.7960993,-7.284158899999999,Kantin Ijo Teknik Fisika
12777683229,112.796678,-7.2842,Markas ITS Team Sapuangin
12777683230,112.7971827,-7.2842509,Parkir Mobil Teknik Mesin
12777683231,112.7977127,-7.284377999999999,Workshop FTIRS-TOS
12777683232,112.7971361,-7.284466699999999,Bakul Cak Tris
12777683233,112.7968727,-7.284532199999998,Parkir Motor Teknik Mesin
12777683234,112.7964309,-7.2845831,Cafe Mesin
12777683235,112.7969296,-7.284675200000001,Lembaga Bengkel Mahasiswa Mesin (LBMM)
12777683236,112.7979731,-7.285031699999999,Laboratorium Pengolahan Mineral
12777683237,112.7971866,-7.2849238,Lapangan Voli Teknik Material dan Metalurgi
12777683238,112.7979043,-7.2852709,Pascasarjana Teknik Material & Metalurgi
12777683239,112.7976665,-7.2850248,Metallurgical Laboratory ITS
12777683240,112.7982517,-7.285087000000001,SayOr ITS
12777683241,112.7972897,-7.2851611,Gedung Jurusan Teknik Material dan Metalurgi
12777683242,112.7976045,-7.2853713,Saluran Depan Teknik Industri
12777683243,112.7972464,-7.285385600000001,Parkir Motor Teknik Material
12777683244,112.7967255,-7.284916099999999,Sektetariat HIMATEKKOM ITS
12777683245,112.79661,-7.2849385,Elektro Budoyo
12777683246,112.7967153,-7.285291499999998,ITS Electrical Engineering Parking Lot
12777683247,112.7963341,-7.284721499999999,High Voltage Laboratory
12777683248,112.795966,-7.284548799999999,Gazebo Mesin
12777683249,112.7956562,-7.2844035,Lobby TU Departemen Teknik Mesin
12777683250,112.7960341,-7.284590400000001,Taman Teknik Mesin
12777683251,112.7956783,-7.284738099999998,Bursa Elektro ITS
12777683252,112.7953951,-7.284628900000001,Badan Eksekutif Mahasiswa Fakultas Teknologi Industri (BEM FTI ITS)
12777683253,112.7950946,-7.284228899999999,Teater B ITS
12777683254,112.7953038,-7.2845153,Teater C ITS
12777683255,112.7957019,-7.2840941,Gedung C ITS
12777683256,112.7949881,-7.284856999999999,Sekretariat Himatika-ITS
12777683257,112.7940945,-7.2842169,Kantor IKOMA ITS
12777683258,112.7943175,-7.284406199999999,LaFTiFA (Laboratorium Fisika Teori dan Filsafat Alam)
12777683259,112.7938001,-7.2847198,Parkir Motor FMIPA
12777683260,112.7927393,-7.284276500000001,Parkiran Fasor (Fasilitas Olahraga) ITS
12777683261,112.7929227,-7.2838318,Lapangan Voli ITS
12777683262,112.793208,-7.284041999999999,Sekretariat BEM Fakultas Sains dan Analitika Data ITS
12777683263,112.792759,-7.284061899999998,Fasilitas Panjat Tebing ITS
12777683264,112.7917442,-7.2838967,Ikoma Fitness Center ITS
12777683265,112.7934685,-7.285036099999998,Titik jemput OJOL jurusan FMIPA
12777683266,112.7932542,-7.284955800000001,Gedung FMIPA ITS
12777683267,112.794192,-7.2848167,Kantor HETI ADB Project ITS
12777683268,112.7942184,-7.2849855,Mipa Tower ITS
12777683269,112.7939386,-7.285054000000001,Gedung Sains FMIPA
12777683270,112.7938825,-7.285109599999998,PAPSI-ITS
12777683271,112.7958557,-7.284917999999998,B401 Robotics and Intelligent System Laboratory
12777683272,112.7958691,-7.2849799,B301 Laboratorium Jaringan Telekomunikasi
12777683273,112.7956918,-7.285062999999999,ITS Electrical Lab B204 LIPIST
12777683274,112.7960412,-7.2850123,Faculty of Electrical Technology
12777683275,112.7961092,-7.284909999999999,Gedung B Elektro ITS
12777683276,112.7961893,-7.284889699999999,Laboratorium Instrumentasi Pengukuran dan Identifikasi Sistem Tenaga (LIPIST) B-204
12777683277,112.7963737,-7.285020099999999,Mushola Teknik Elektro ITS
12777683278,112.7962042,-7.285269600000001,Control and Automation Laboratory
12777683279,112.7963224,-7.285107999999997,Indo Tech Services
12777683280,112.7962525,-7.285545099999999,Bosem Jurusan Elektro
12777683281,112.796825,-7.286221999999998,Rumah Jabatan Rektor
12777683282,112.7953987,-7.285864499999999,Danau Statistika
12777683283,112.7950598,-7.285716499999999,Jembatan Kayu Biologi-Statistik
12777683284,112.7949786,-7.2858342,Bosem Jurusan Statistika
12777683285,112.7946044,-7.285930500000001,Laboratorium Hidrodinamika
12777683286,112.7943126,-7.2856871,Kantin Biologi
12777683287,112.7936335,-7.285301099999999,Statistic Department Motorcycle Parking Lot
12777683288,112.7942759,-7.285428799999999,Fakultas Matematika Komputasi Dan Sains Data
12777683289,112.794068,-7.2855017,Laboratorium Analisis Aljabar dan Pembelajaran Matematika
12777683290,112.7939164,-7.285839,Program Pascasarjana Departemen Statistika ITS
12777683291,112.7938558,-7.285919900000001,Statistics Service Center ITS
12777683292,112.7939394,-7.285949400000001,Departemen Biologi-Fakultas Sains dan Analitika Data-ITS
12777683293,112.793715,-7.286072000000001,Parkir Mobil Biologi
12777683294,112.7940445,-7.286000199999999,Himpunan Mahasiswa Biologi ITS
12777683295,112.7936221,-7.2863494,Bundaran Biologi
12777683296,112.7939758,-7.2865996,KPRI-ITS (ITS Cooperative)
12777683297,112.7960334,-7.286776100000001,Telaga 8 ITS
12777683298,112.7957387,-7.287095700000003,Invenio Studio
